﻿<?xml version="1.0" encoding="utf-8" ?>
<Configurations>
  <Config name="ImportBlend">
    <Param key="ImportSheet">1</Param>
    <Param key="ExcelVersion">Excel2007</Param>
    <Param key="UseMSExcel">false</Param>
    <Param key="ImportSheet">1</Param>
    <Param key="DistributorID">1</Param>
    <Param key="DistributorName">2</Param>
    <Param key="OutletID">3</Param>
    <Param key="Period">4</Param>
    <Param key="TOValue">(1)TO (VND)</Param>
    <Param key="PC">(2)PC (%)</Param>
    <Param key="LPPC">(3)LPPC</Param>
    <Param key="PS">(5)PS Compliance (%)</Param>
    <Param key="OSA">(6) OSA Compliance (%)</Param>
    <Param key="NPD">(7) NPD Compliance (%)</Param>
    <Param key="ShelfStandard">(8)Shelf Standard Compliance (%)</Param>
    <Param key="Promotion">(9) Promotion Compliance (%)</Param>
    <Param key="VPP">(4)VPP (VND)</Param>
    <Param key="MonthFormat">MM-yyyy</Param>
    <Param key="StartRow">1</Param>
    <Param key="StartColumn">1</Param>
  </Config>
  <Config name="ExportBlend">
    <Param key="ToCount">12</Param>
    <Param key="PcCount">3</Param>
    <Param key="LppcCount">3</Param>
    <Param key="VppCount">3</Param>
    <Param key="PsCount">12</Param>
    <Param key="OsaCount">12</Param>
    <Param key="NpdCount">12</Param>
    <Param key="ShelfStdCount">12</Param>
    <Param key="PromotionCount">12</Param>
    <Param key="TitleText">UNILEVER ICONIC STORE TRACKING</Param>
    <Param key="UpdateText">Latest data:</Param>
    <Param key="ReportPeriodText">Report of Period:</Param>
    <Param key="TitleRow">1</Param>
    <Param key="TitleColumn">2</Param>
    <Param key="UpdateRow">2</Param>
    <Param key="UpdateColumn">2</Param>
    <Param key="LatestDataColumn">3</Param>
    <Param key="LatestDataRow">2</Param>
    <Param key="RPeriodLabelRow">3</Param>
    <Param key="RPeriodLabelColumn">2</Param>
    <Param key="RPeriodRow">3</Param>
    <Param key="RPeriodColumn">3</Param>
    <Param key="SubTitle">UNILEVER ICONIC STORE (GT)</Param>
    <Param key="SubTitleRow">5</Param>
    <Param key="SubTitleColumn">2</Param>
    <Param key="StartRow">6</Param>
    <Param key="StartColumn">2</Param>
    <Param key="RegionText">Region</Param>
    <Param key="RegionColumn">2</Param>
    <Param key="DistributorText">Distributor</Param>
    <Param key="DistributorColumn">3</Param>
    <Param key="SupText">Suppervisor</Param>
    <Param key="SupColumn">4</Param>
    <Param key="OutletText">Store Name</Param>
    <Param key="OutletColumn">6</Param>
    <Param key="OutletIDText">Store</Param>
    <Param key="OutletIDColumn">5</Param>
    <Param key="ToText">TO ('000vnd /month)</Param>
    <Param key="PcText">PC (%)</Param>
    <Param key="LppcText">LPPC</Param>
    <Param key="VppText">VPP ('000vnd)</Param>
    <Param key="PsText">Perfect Store Compliance (%)</Param>
    <Param key="OsaText">OSA Compliance (%)</Param>
    <Param key="NpdText">NPD Compliance (%)</Param>
    <Param key="ShelfStdText">Shelf STD Compliance (%)</Param>
    <Param key="PromotionText">Promotion Compliance (%)</Param>
    <Param key="MonthFormat">MMM'yy</Param>
    <Param key="RPMonthFormat">MMM yyyy</Param>
    <Param key="SheetName">Blended Report</Param>
    <Param key="NumberFormat">#,###</Param>
  </Config>
</Configurations>
